run_ts_ist,location,lat,lon,line,obs_time,precip_mm,rain_mm,source
2026-06-24 16:03:18,Churchgate,18.935,72.827,WR,2026-06-24T16:00,0.1,0.1,open-meteo
2026-06-24 16:03:18,Dadar,19.018,72.844,WR/CR,2026-06-24T16:00,0.1,0.1,open-meteo
2026-06-24 16:03:18,Andheri,19.119,72.846,WR,2026-06-24T16:00,0.1,0.1,open-meteo
2026-06-24 16:03:18,Borivali,19.231,72.857,WR,2026-06-24T16:00,0.1,0.1,open-meteo
2026-06-24 16:03:18,Virar,19.455,72.811,WR,2026-06-24T16:00,0.0,0.0,open-meteo
2026-06-24 16:03:18,CSMT,18.94,72.835,CR,2026-06-24T16:00,0.1,0.1,open-meteo
2026-06-24 16:03:18,Sion,19.043,72.862,CR-hotspot,2026-06-24T16:00,0.1,0.1,open-meteo
2026-06-24 16:03:18,Kurla,19.065,72.879,CR-hotspot,2026-06-24T16:00,0.1,0.1,open-meteo
2026-06-24 16:03:18,Thane,19.186,72.975,CR,2026-06-24T16:00,0.1,0.1,open-meteo
2026-06-24 16:03:18,Kalyan,19.243,73.13,CR,,,,open-meteo-ERR
2026-06-24 16:03:18,Chunnabhatti,19.046,72.875,Harbour-hotspot,,,,open-meteo-ERR
2026-06-24 16:03:18,Matunga,19.027,72.852,CR-hotspot,,,,open-meteo-ERR
2026-06-24 18:42:46,Churchgate,18.935,72.827,WR,2026-06-24T18:30,0.1,0.1,open-meteo
2026-06-24 18:42:46,Dadar,19.018,72.844,WR/CR,2026-06-24T18:30,0.1,0.1,open-meteo
2026-06-24 18:42:46,Andheri,19.119,72.846,WR,2026-06-24T18:30,0.1,0.1,open-meteo
2026-06-24 18:42:46,Borivali,19.231,72.857,WR,,,,open-meteo-ERR
2026-06-24 18:42:46,Virar,19.455,72.811,WR,2026-06-24T18:30,0.0,0.0,open-meteo
2026-06-24 18:42:46,CSMT,18.94,72.835,CR,2026-06-24T18:30,0.1,0.1,open-meteo
2026-06-24 18:42:46,Sion,19.043,72.862,CR-hotspot,2026-06-24T18:30,0.1,0.1,open-meteo
2026-06-24 18:42:46,Kurla,19.065,72.879,CR-hotspot,,,,open-meteo-ERR
2026-06-24 18:42:46,Thane,19.186,72.975,CR,2026-06-24T18:45,0.0,0.0,open-meteo
2026-06-24 18:42:46,Kalyan,19.243,73.13,CR,2026-06-24T18:45,0.0,0.0,open-meteo
2026-06-24 18:42:46,Chunnabhatti,19.046,72.875,Harbour-hotspot,2026-06-24T18:45,0.1,0.1,open-meteo
2026-06-24 18:42:46,Matunga,19.027,72.852,CR-hotspot,,,,open-meteo-ERR
2026-06-24 21:10:50,Churchgate,18.935,72.827,WR,2026-06-24T21:00,0.1,0.1,open-meteo
2026-06-24 21:10:50,Dadar,19.018,72.844,WR/CR,2026-06-24T21:00,0.1,0.1,open-meteo
2026-06-24 21:10:50,Andheri,19.119,72.846,WR,2026-06-24T21:00,0.0,0.0,open-meteo
2026-06-24 21:10:50,Borivali,19.231,72.857,WR,,,,open-meteo-ERR
2026-06-24 21:10:50,Virar,19.455,72.811,WR,2026-06-24T21:00,0.2,0.2,open-meteo
2026-06-24 21:10:50,CSMT,18.94,72.835,CR,2026-06-24T21:00,0.1,0.1,open-meteo
2026-06-24 21:10:50,Sion,19.043,72.862,CR-hotspot,2026-06-24T21:00,0.1,0.1,open-meteo
2026-06-24 21:10:50,Kurla,19.065,72.879,CR-hotspot,,,,open-meteo-ERR
2026-06-24 21:10:50,Thane,19.186,72.975,CR,2026-06-24T21:00,0.0,0.0,open-meteo
2026-06-24 21:10:50,Kalyan,19.243,73.13,CR,2026-06-24T21:00,0.0,0.0,open-meteo
2026-06-24 21:10:50,Chunnabhatti,19.046,72.875,Harbour-hotspot,2026-06-24T21:00,0.1,0.1,open-meteo
2026-06-24 21:10:50,Matunga,19.027,72.852,CR-hotspot,,,,open-meteo-ERR
2026-06-24 23:18:22,Churchgate,18.935,72.827,WR,2026-06-24T23:15,0.5,0.5,open-meteo
2026-06-24 23:18:22,Dadar,19.018,72.844,WR/CR,2026-06-24T23:15,0.5,0.5,open-meteo
2026-06-24 23:18:22,Andheri,19.119,72.846,WR,2026-06-24T23:15,0.5,0.5,open-meteo
2026-06-24 23:18:22,Borivali,19.231,72.857,WR,2026-06-24T23:15,0.6,0.6,open-meteo
2026-06-24 23:18:22,Virar,19.455,72.811,WR,,,,open-meteo-ERR
2026-06-24 23:18:22,CSMT,18.94,72.835,CR,2026-06-24T23:15,0.5,0.5,open-meteo
2026-06-24 23:18:22,Sion,19.043,72.862,CR-hotspot,2026-06-24T23:15,0.5,0.5,open-meteo
2026-06-24 23:18:22,Kurla,19.065,72.879,CR-hotspot,2026-06-24T23:15,0.5,0.5,open-meteo
2026-06-24 23:18:22,Thane,19.186,72.975,CR,2026-06-24T23:15,0.1,0.1,open-meteo
2026-06-24 23:18:22,Kalyan,19.243,73.13,CR,2026-06-24T23:15,0.0,0.0,open-meteo
2026-06-24 23:18:22,Chunnabhatti,19.046,72.875,Harbour-hotspot,,,,open-meteo-ERR
2026-06-24 23:18:22,Matunga,19.027,72.852,CR-hotspot,2026-06-24T23:15,0.5,0.5,open-meteo
2026-06-25 00:57:31,Churchgate,18.935,72.827,WR,2026-06-25T00:45,0.1,0.1,open-meteo
2026-06-25 00:57:31,Dadar,19.018,72.844,WR/CR,2026-06-25T00:45,0.1,0.1,open-meteo
2026-06-25 00:57:31,Andheri,19.119,72.846,WR,2026-06-25T00:45,0.1,0.1,open-meteo
2026-06-25 00:57:31,Borivali,19.231,72.857,WR,,,,open-meteo-ERR
2026-06-25 00:57:31,Virar,19.455,72.811,WR,2026-06-25T00:45,0.0,0.0,open-meteo
2026-06-25 00:57:31,CSMT,18.94,72.835,CR,2026-06-25T00:45,0.1,0.1,open-meteo
2026-06-25 00:57:31,Sion,19.043,72.862,CR-hotspot,2026-06-25T00:45,0.1,0.1,open-meteo
2026-06-25 00:57:31,Kurla,19.065,72.879,CR-hotspot,2026-06-25T00:45,0.1,0.1,open-meteo
2026-06-25 00:57:31,Thane,19.186,72.975,CR,,,,open-meteo-ERR
2026-06-25 00:57:31,Kalyan,19.243,73.13,CR,2026-06-25T01:00,0.0,0.0,open-meteo
2026-06-25 00:57:31,Chunnabhatti,19.046,72.875,Harbour-hotspot,2026-06-25T01:00,0.1,0.1,open-meteo
2026-06-25 00:57:31,Matunga,19.027,72.852,CR-hotspot,2026-06-25T01:00,0.1,0.1,open-meteo
2026-06-25 02:39:26,Churchgate,18.935,72.827,WR,2026-06-25T02:30,0.1,0.1,open-meteo
2026-06-25 02:39:26,Dadar,19.018,72.844,WR/CR,2026-06-25T02:30,0.1,0.1,open-meteo
2026-06-25 02:39:26,Andheri,19.119,72.846,WR,2026-06-25T02:30,0.1,0.1,open-meteo
2026-06-25 02:39:26,Borivali,19.231,72.857,WR,,,,open-meteo-ERR
2026-06-25 02:39:26,Virar,19.455,72.811,WR,2026-06-25T02:30,0.0,0.0,open-meteo
2026-06-25 02:39:26,CSMT,18.94,72.835,CR,2026-06-25T02:30,0.1,0.1,open-meteo
2026-06-25 02:39:26,Sion,19.043,72.862,CR-hotspot,2026-06-25T02:30,0.1,0.1,open-meteo
2026-06-25 02:39:26,Kurla,19.065,72.879,CR-hotspot,2026-06-25T02:30,0.1,0.1,open-meteo
2026-06-25 02:39:26,Thane,19.186,72.975,CR,,,,open-meteo-ERR
2026-06-25 02:39:26,Kalyan,19.243,73.13,CR,2026-06-25T02:30,0.0,0.0,open-meteo
2026-06-25 02:39:26,Chunnabhatti,19.046,72.875,Harbour-hotspot,2026-06-25T02:30,0.1,0.1,open-meteo
2026-06-25 02:39:26,Matunga,19.027,72.852,CR-hotspot,2026-06-25T02:30,0.1,0.1,open-meteo
2026-06-25 04:17:33,Churchgate,18.935,72.827,WR,2026-06-25T04:15,0.0,0.0,open-meteo
2026-06-25 04:17:33,Dadar,19.018,72.844,WR/CR,2026-06-25T04:15,0.0,0.0,open-meteo
2026-06-25 04:17:33,Andheri,19.119,72.846,WR,2026-06-25T04:15,0.0,0.0,open-meteo
2026-06-25 04:17:33,Borivali,19.231,72.857,WR,2026-06-25T04:15,0.1,0.1,open-meteo
2026-06-25 04:17:33,Virar,19.455,72.811,WR,,,,open-meteo-ERR
2026-06-25 04:17:33,CSMT,18.94,72.835,CR,2026-06-25T04:15,0.0,0.0,open-meteo
2026-06-25 04:17:33,Sion,19.043,72.862,CR-hotspot,2026-06-25T04:15,0.0,0.0,open-meteo
2026-06-25 04:17:33,Kurla,19.065,72.879,CR-hotspot,2026-06-25T04:15,0.0,0.0,open-meteo
2026-06-25 04:17:33,Thane,19.186,72.975,CR,2026-06-25T04:15,0.0,0.0,open-meteo
2026-06-25 04:17:33,Kalyan,19.243,73.13,CR,2026-06-25T04:15,0.0,0.0,open-meteo
2026-06-25 04:17:33,Chunnabhatti,19.046,72.875,Harbour-hotspot,,,,open-meteo-ERR
2026-06-25 04:17:33,Matunga,19.027,72.852,CR-hotspot,2026-06-25T04:15,0.0,0.0,open-meteo
2026-06-25 05:30:30,Churchgate,18.935,72.827,WR,2026-06-25T05:30,0.0,0.0,open-meteo
2026-06-25 05:30:30,Dadar,19.018,72.844,WR/CR,2026-06-25T05:30,0.0,0.0,open-meteo
2026-06-25 05:30:30,Andheri,19.119,72.846,WR,2026-06-25T05:30,0.0,0.0,open-meteo
2026-06-25 05:30:30,Borivali,19.231,72.857,WR,,,,open-meteo-ERR
2026-06-25 05:30:30,Virar,19.455,72.811,WR,2026-06-25T05:30,0.0,0.0,open-meteo
2026-06-25 05:30:30,CSMT,18.94,72.835,CR,2026-06-25T05:30,0.0,0.0,open-meteo
2026-06-25 05:30:30,Sion,19.043,72.862,CR-hotspot,2026-06-25T05:30,0.0,0.0,open-meteo
2026-06-25 05:30:30,Kurla,19.065,72.879,CR-hotspot,,,,open-meteo-ERR
2026-06-25 05:30:30,Thane,19.186,72.975,CR,2026-06-25T05:30,0.0,0.0,open-meteo
2026-06-25 05:30:30,Kalyan,19.243,73.13,CR,2026-06-25T05:30,0.0,0.0,open-meteo
2026-06-25 05:30:30,Chunnabhatti,19.046,72.875,Harbour-hotspot,2026-06-25T05:30,0.0,0.0,open-meteo
2026-06-25 05:30:30,Matunga,19.027,72.852,CR-hotspot,,,,open-meteo-ERR
2026-06-25 10:10:47,Churchgate,18.935,72.827,WR,2026-06-25T10:00,0.0,0.0,open-meteo
2026-06-25 10:10:47,Dadar,19.018,72.844,WR/CR,2026-06-25T10:00,0.0,0.0,open-meteo
2026-06-25 10:10:47,Andheri,19.119,72.846,WR,2026-06-25T10:00,0.0,0.0,open-meteo
2026-06-25 10:10:47,Borivali,19.231,72.857,WR,2026-06-25T10:00,0.0,0.0,open-meteo
2026-06-25 10:10:47,Virar,19.455,72.811,WR,,,,open-meteo-ERR
2026-06-25 10:10:47,CSMT,18.94,72.835,CR,2026-06-25T10:00,0.0,0.0,open-meteo
2026-06-25 10:10:47,Sion,19.043,72.862,CR-hotspot,2026-06-25T10:00,0.0,0.0,open-meteo
2026-06-25 10:10:47,Kurla,19.065,72.879,CR-hotspot,2026-06-25T10:00,0.0,0.0,open-meteo
2026-06-25 10:10:47,Thane,19.186,72.975,CR,2026-06-25T10:00,0.1,0.1,open-meteo
2026-06-25 10:10:47,Kalyan,19.243,73.13,CR,2026-06-25T10:00,0.1,0.1,open-meteo
2026-06-25 10:10:47,Chunnabhatti,19.046,72.875,Harbour-hotspot,2026-06-25T10:00,0.0,0.0,open-meteo
2026-06-25 10:10:47,Matunga,19.027,72.852,CR-hotspot,,,,open-meteo-ERR
2026-06-25 13:48:05,Churchgate,18.935,72.827,WR,2026-06-25T13:45,0.0,0.0,open-meteo
2026-06-25 13:48:05,Dadar,19.018,72.844,WR/CR,2026-06-25T13:45,0.0,0.0,open-meteo
2026-06-25 13:48:05,Andheri,19.119,72.846,WR,2026-06-25T13:45,0.0,0.0,open-meteo
2026-06-25 13:48:05,Borivali,19.231,72.857,WR,2026-06-25T13:45,0.0,0.0,open-meteo
2026-06-25 13:48:05,Virar,19.455,72.811,WR,,,,open-meteo-ERR
2026-06-25 13:48:05,CSMT,18.94,72.835,CR,2026-06-25T13:45,0.0,0.0,open-meteo
2026-06-25 13:48:05,Sion,19.043,72.862,CR-hotspot,2026-06-25T13:45,0.0,0.0,open-meteo
2026-06-25 13:48:05,Kurla,19.065,72.879,CR-hotspot,2026-06-25T13:45,0.0,0.0,open-meteo
2026-06-25 13:48:05,Thane,19.186,72.975,CR,2026-06-25T13:45,0.0,0.0,open-meteo
2026-06-25 13:48:05,Kalyan,19.243,73.13,CR,2026-06-25T13:45,0.0,0.0,open-meteo
2026-06-25 13:48:05,Chunnabhatti,19.046,72.875,Harbour-hotspot,,,,open-meteo-ERR
2026-06-25 13:48:05,Matunga,19.027,72.852,CR-hotspot,2026-06-25T13:45,0.0,0.0,open-meteo
2026-06-25 16:42:17,Churchgate,18.935,72.827,WR,2026-06-25T16:30,0.1,0.1,open-meteo
2026-06-25 16:42:17,Dadar,19.018,72.844,WR/CR,2026-06-25T16:30,0.1,0.1,open-meteo
2026-06-25 16:42:17,Andheri,19.119,72.846,WR,2026-06-25T16:30,0.0,0.0,open-meteo
2026-06-25 16:42:17,Borivali,19.231,72.857,WR,,,,open-meteo-ERR
2026-06-25 16:42:17,Virar,19.455,72.811,WR,2026-06-25T16:30,0.1,0.1,open-meteo
2026-06-25 16:42:17,CSMT,18.94,72.835,CR,2026-06-25T16:30,0.1,0.1,open-meteo
2026-06-25 16:42:17,Sion,19.043,72.862,CR-hotspot,2026-06-25T16:30,0.1,0.1,open-meteo
2026-06-25 16:42:17,Kurla,19.065,72.879,CR-hotspot,2026-06-25T16:30,0.0,0.0,open-meteo
2026-06-25 16:42:17,Thane,19.186,72.975,CR,,,,open-meteo-ERR
2026-06-25 16:42:17,Kalyan,19.243,73.13,CR,2026-06-25T16:45,0.0,0.0,open-meteo
2026-06-25 16:42:17,Chunnabhatti,19.046,72.875,Harbour-hotspot,2026-06-25T16:45,0.0,0.0,open-meteo
2026-06-25 16:42:17,Matunga,19.027,72.852,CR-hotspot,2026-06-25T16:45,0.0,0.0,open-meteo
2026-06-25 19:03:04,Churchgate,18.935,72.827,WR,2026-06-25T19:00,0.0,0.0,open-meteo
2026-06-25 19:03:04,Dadar,19.018,72.844,WR/CR,2026-06-25T19:00,0.0,0.0,open-meteo
2026-06-25 19:03:04,Andheri,19.119,72.846,WR,2026-06-25T19:00,0.0,0.0,open-meteo
2026-06-25 19:03:04,Borivali,19.231,72.857,WR,2026-06-25T19:00,0.0,0.0,open-meteo
2026-06-25 19:03:04,Virar,19.455,72.811,WR,2026-06-25T19:00,0.0,0.0,open-meteo
2026-06-25 19:03:04,CSMT,18.94,72.835,CR,2026-06-25T19:00,0.0,0.0,open-meteo
2026-06-25 19:03:04,Sion,19.043,72.862,CR-hotspot,2026-06-25T19:00,0.0,0.0,open-meteo
2026-06-25 19:03:04,Kurla,19.065,72.879,CR-hotspot,2026-06-25T19:00,0.0,0.0,open-meteo
2026-06-25 19:03:04,Thane,19.186,72.975,CR,2026-06-25T19:00,0.0,0.0,open-meteo
2026-06-25 19:03:04,Kalyan,19.243,73.13,CR,2026-06-25T19:00,0.0,0.0,open-meteo
2026-06-25 19:03:04,Chunnabhatti,19.046,72.875,Harbour-hotspot,2026-06-25T19:00,0.0,0.0,open-meteo
2026-06-25 19:03:04,Matunga,19.027,72.852,CR-hotspot,2026-06-25T19:00,0.0,0.0,open-meteo
2026-06-25 21:47:51,Churchgate,18.935,72.827,WR,2026-06-25T21:45,0.1,0.0,open-meteo
2026-06-25 21:47:51,Dadar,19.018,72.844,WR/CR,2026-06-25T21:45,0.1,0.0,open-meteo
2026-06-25 21:47:51,Andheri,19.119,72.846,WR,2026-06-25T21:45,0.1,0.0,open-meteo
2026-06-25 21:47:51,Borivali,19.231,72.857,WR,,,,open-meteo-ERR
2026-06-25 21:47:51,Virar,19.455,72.811,WR,2026-06-25T21:45,0.1,0.1,open-meteo
2026-06-25 21:47:51,CSMT,18.94,72.835,CR,2026-06-25T21:45,0.1,0.0,open-meteo
2026-06-25 21:47:51,Sion,19.043,72.862,CR-hotspot,2026-06-25T21:45,0.1,0.0,open-meteo
2026-06-25 21:47:51,Kurla,19.065,72.879,CR-hotspot,,,,open-meteo-ERR
2026-06-25 21:47:51,Thane,19.186,72.975,CR,2026-06-25T21:45,0.1,0.0,open-meteo
2026-06-25 21:47:51,Kalyan,19.243,73.13,CR,2026-06-25T21:45,0.0,0.0,open-meteo
2026-06-25 21:47:51,Chunnabhatti,19.046,72.875,Harbour-hotspot,2026-06-25T21:45,0.1,0.0,open-meteo
2026-06-25 21:47:51,Matunga,19.027,72.852,CR-hotspot,2026-06-25T21:45,0.1,0.0,open-meteo
2026-06-26 00:00:17,Churchgate,18.935,72.827,WR,2026-06-26T00:00,0.0,0.0,open-meteo
2026-06-26 00:00:17,Dadar,19.018,72.844,WR/CR,2026-06-26T00:00,0.0,0.0,open-meteo
2026-06-26 00:00:17,Andheri,19.119,72.846,WR,2026-06-26T00:00,0.2,0.2,open-meteo
2026-06-26 00:00:17,Borivali,19.231,72.857,WR,2026-06-26T00:00,0.1,0.1,open-meteo
2026-06-26 00:00:17,Virar,19.455,72.811,WR,2026-06-26T00:00,0.2,0.1,open-meteo
2026-06-26 00:00:17,CSMT,18.94,72.835,CR,2026-06-26T00:00,0.0,0.0,open-meteo
2026-06-26 00:00:17,Sion,19.043,72.862,CR-hotspot,2026-06-26T00:00,0.0,0.0,open-meteo
2026-06-26 00:00:17,Kurla,19.065,72.879,CR-hotspot,2026-06-26T00:00,0.2,0.2,open-meteo
2026-06-26 00:00:17,Thane,19.186,72.975,CR,2026-06-26T00:00,0.1,0.1,open-meteo
2026-06-26 00:00:17,Kalyan,19.243,73.13,CR,2026-06-26T00:00,0.2,0.1,open-meteo
2026-06-26 00:00:17,Chunnabhatti,19.046,72.875,Harbour-hotspot,,,,open-meteo-ERR
2026-06-26 00:00:17,Matunga,19.027,72.852,CR-hotspot,2026-06-26T00:00,0.0,0.0,open-meteo
2026-06-26 02:22:48,Churchgate,18.935,72.827,WR,2026-06-26T02:15,0.0,0.0,open-meteo
2026-06-26 02:22:48,Dadar,19.018,72.844,WR/CR,2026-06-26T02:15,0.0,0.0,open-meteo
2026-06-26 02:22:48,Andheri,19.119,72.846,WR,2026-06-26T02:15,0.0,0.0,open-meteo
2026-06-26 02:22:48,Borivali,19.231,72.857,WR,2026-06-26T02:15,0.0,0.0,open-meteo
2026-06-26 02:22:48,Virar,19.455,72.811,WR,,,,open-meteo-ERR
2026-06-26 02:22:48,CSMT,18.94,72.835,CR,2026-06-26T02:15,0.0,0.0,open-meteo
2026-06-26 02:22:48,Sion,19.043,72.862,CR-hotspot,2026-06-26T02:15,0.0,0.0,open-meteo
2026-06-26 02:22:48,Kurla,19.065,72.879,CR-hotspot,2026-06-26T02:15,0.0,0.0,open-meteo
2026-06-26 02:22:48,Thane,19.186,72.975,CR,,,,open-meteo-ERR
2026-06-26 02:22:48,Kalyan,19.243,73.13,CR,2026-06-26T02:15,0.0,0.0,open-meteo
2026-06-26 02:22:48,Chunnabhatti,19.046,72.875,Harbour-hotspot,2026-06-26T02:15,0.0,0.0,open-meteo
2026-06-26 02:22:48,Matunga,19.027,72.852,CR-hotspot,2026-06-26T02:15,0.0,0.0,open-meteo
2026-06-26 03:46:20,Churchgate,18.935,72.827,WR,2026-06-26T03:45,0.0,0.0,open-meteo
2026-06-26 03:46:20,Dadar,19.018,72.844,WR/CR,2026-06-26T03:45,0.0,0.0,open-meteo
2026-06-26 03:46:20,Andheri,19.119,72.846,WR,2026-06-26T03:45,0.0,0.0,open-meteo
2026-06-26 03:46:20,Borivali,19.231,72.857,WR,,,,open-meteo-ERR
2026-06-26 03:46:20,Virar,19.455,72.811,WR,2026-06-26T03:45,0.0,0.0,open-meteo
2026-06-26 03:46:20,CSMT,18.94,72.835,CR,2026-06-26T03:45,0.0,0.0,open-meteo
2026-06-26 03:46:20,Sion,19.043,72.862,CR-hotspot,2026-06-26T03:45,0.0,0.0,open-meteo
2026-06-26 03:46:20,Kurla,19.065,72.879,CR-hotspot,,,,open-meteo-ERR
2026-06-26 03:46:20,Thane,19.186,72.975,CR,2026-06-26T03:45,0.0,0.0,open-meteo
2026-06-26 03:46:20,Kalyan,19.243,73.13,CR,2026-06-26T03:45,0.0,0.0,open-meteo
2026-06-26 03:46:20,Chunnabhatti,19.046,72.875,Harbour-hotspot,2026-06-26T03:45,0.0,0.0,open-meteo
2026-06-26 03:46:20,Matunga,19.027,72.852,CR-hotspot,,,,open-meteo-ERR
2026-06-26 05:19:58,Churchgate,18.935,72.827,WR,2026-06-26T05:15,0.0,0.0,open-meteo
2026-06-26 05:19:58,Dadar,19.018,72.844,WR/CR,2026-06-26T05:15,0.0,0.0,open-meteo
2026-06-26 05:19:58,Andheri,19.119,72.846,WR,2026-06-26T05:15,0.0,0.0,open-meteo
2026-06-26 05:19:58,Borivali,19.231,72.857,WR,,,,open-meteo-ERR
2026-06-26 05:19:58,Virar,19.455,72.811,WR,2026-06-26T05:15,0.0,0.0,open-meteo
2026-06-26 05:19:58,CSMT,18.94,72.835,CR,2026-06-26T05:15,0.0,0.0,open-meteo
2026-06-26 05:19:58,Sion,19.043,72.862,CR-hotspot,2026-06-26T05:15,0.0,0.0,open-meteo
2026-06-26 05:19:58,Kurla,19.065,72.879,CR-hotspot,,,,open-meteo-ERR
2026-06-26 05:19:58,Thane,19.186,72.975,CR,2026-06-26T05:15,0.0,0.0,open-meteo
2026-06-26 05:19:58,Kalyan,19.243,73.13,CR,2026-06-26T05:15,0.0,0.0,open-meteo
2026-06-26 05:19:58,Chunnabhatti,19.046,72.875,Harbour-hotspot,2026-06-26T05:15,0.0,0.0,open-meteo
2026-06-26 05:19:58,Matunga,19.027,72.852,CR-hotspot,2026-06-26T05:15,0.0,0.0,open-meteo
2026-06-26 08:04:53,Churchgate,18.935,72.827,WR,2026-06-26T08:00,0.0,0.0,open-meteo
2026-06-26 08:04:53,Dadar,19.018,72.844,WR/CR,2026-06-26T08:00,0.0,0.0,open-meteo
2026-06-26 08:04:53,Andheri,19.119,72.846,WR,2026-06-26T08:00,0.1,0.0,open-meteo
2026-06-26 08:04:53,Borivali,19.231,72.857,WR,2026-06-26T08:00,0.2,0.1,open-meteo
2026-06-26 08:04:53,Virar,19.455,72.811,WR,,,,open-meteo-ERR
2026-06-26 08:04:53,CSMT,18.94,72.835,CR,2026-06-26T08:00,0.0,0.0,open-meteo
2026-06-26 08:04:53,Sion,19.043,72.862,CR-hotspot,2026-06-26T08:00,0.0,0.0,open-meteo
2026-06-26 08:04:53,Kurla,19.065,72.879,CR-hotspot,2026-06-26T08:00,0.1,0.0,open-meteo
2026-06-26 08:04:53,Thane,19.186,72.975,CR,2026-06-26T08:00,0.0,0.0,open-meteo
2026-06-26 08:04:53,Kalyan,19.243,73.13,CR,2026-06-26T08:00,0.0,0.0,open-meteo
2026-06-26 08:04:53,Chunnabhatti,19.046,72.875,Harbour-hotspot,,,,open-meteo-ERR
2026-06-26 08:04:53,Matunga,19.027,72.852,CR-hotspot,2026-06-26T08:00,0.0,0.0,open-meteo
2026-06-26 12:15:56,Churchgate,18.935,72.827,WR,2026-06-26T12:15,0.0,0.0,open-meteo
2026-06-26 12:15:56,Dadar,19.018,72.844,WR/CR,2026-06-26T12:15,0.0,0.0,open-meteo
2026-06-26 12:15:56,Andheri,19.119,72.846,WR,2026-06-26T12:15,0.0,0.0,open-meteo
2026-06-26 12:15:56,Borivali,19.231,72.857,WR,2026-06-26T12:15,0.0,0.0,open-meteo
2026-06-26 12:15:56,Virar,19.455,72.811,WR,,,,open-meteo-ERR
2026-06-26 12:15:56,CSMT,18.94,72.835,CR,2026-06-26T12:15,0.0,0.0,open-meteo
2026-06-26 12:15:56,Sion,19.043,72.862,CR-hotspot,2026-06-26T12:15,0.0,0.0,open-meteo
2026-06-26 12:15:56,Kurla,19.065,72.879,CR-hotspot,2026-06-26T12:15,0.0,0.0,open-meteo
2026-06-26 12:15:56,Thane,19.186,72.975,CR,2026-06-26T12:15,0.0,0.0,open-meteo
2026-06-26 12:15:56,Kalyan,19.243,73.13,CR,2026-06-26T12:15,0.0,0.0,open-meteo
2026-06-26 12:15:56,Chunnabhatti,19.046,72.875,Harbour-hotspot,,,,open-meteo-ERR
2026-06-26 12:15:56,Matunga,19.027,72.852,CR-hotspot,2026-06-26T12:15,0.0,0.0,open-meteo
2026-06-26 15:46:05,Churchgate,18.935,72.827,WR,2026-06-26T15:45,0.0,0.0,open-meteo
2026-06-26 15:46:05,Dadar,19.018,72.844,WR/CR,2026-06-26T15:45,0.0,0.0,open-meteo
2026-06-26 15:46:05,Andheri,19.119,72.846,WR,2026-06-26T15:45,0.0,0.0,open-meteo
2026-06-26 15:46:05,Borivali,19.231,72.857,WR,2026-06-26T15:45,0.0,0.0,open-meteo
2026-06-26 15:46:05,Virar,19.455,72.811,WR,,,,open-meteo-ERR
2026-06-26 15:46:05,CSMT,18.94,72.835,CR,2026-06-26T15:45,0.0,0.0,open-meteo
2026-06-26 15:46:05,Sion,19.043,72.862,CR-hotspot,2026-06-26T15:45,0.0,0.0,open-meteo
2026-06-26 15:46:05,Kurla,19.065,72.879,CR-hotspot,2026-06-26T15:45,0.0,0.0,open-meteo
2026-06-26 15:46:05,Thane,19.186,72.975,CR,2026-06-26T15:45,0.0,0.0,open-meteo
2026-06-26 15:46:05,Kalyan,19.243,73.13,CR,2026-06-26T15:45,0.0,0.0,open-meteo
2026-06-26 15:46:05,Chunnabhatti,19.046,72.875,Harbour-hotspot,,,,open-meteo-ERR
2026-06-26 15:46:05,Matunga,19.027,72.852,CR-hotspot,2026-06-26T15:45,0.0,0.0,open-meteo
2026-06-26 17:59:41,Churchgate,18.935,72.827,WR,2026-06-26T17:45,0.0,0.0,open-meteo
2026-06-26 17:59:41,Dadar,19.018,72.844,WR/CR,2026-06-26T17:45,0.0,0.0,open-meteo
2026-06-26 17:59:41,Andheri,19.119,72.846,WR,2026-06-26T17:45,0.0,0.0,open-meteo
2026-06-26 17:59:41,Borivali,19.231,72.857,WR,,,,open-meteo-ERR
2026-06-26 17:59:41,Virar,19.455,72.811,WR,2026-06-26T18:00,0.0,0.0,open-meteo
2026-06-26 17:59:41,CSMT,18.94,72.835,CR,2026-06-26T18:00,0.0,0.0,open-meteo
2026-06-26 17:59:41,Sion,19.043,72.862,CR-hotspot,2026-06-26T18:00,0.0,0.0,open-meteo
2026-06-26 17:59:41,Kurla,19.065,72.879,CR-hotspot,2026-06-26T18:00,0.0,0.0,open-meteo
2026-06-26 17:59:41,Thane,19.186,72.975,CR,2026-06-26T18:00,0.0,0.0,open-meteo
2026-06-26 17:59:41,Kalyan,19.243,73.13,CR,2026-06-26T18:00,0.0,0.0,open-meteo
2026-06-26 17:59:41,Chunnabhatti,19.046,72.875,Harbour-hotspot,,,,open-meteo-ERR
2026-06-26 17:59:41,Matunga,19.027,72.852,CR-hotspot,2026-06-26T18:00,0.0,0.0,open-meteo
2026-06-26 20:42:24,Churchgate,18.935,72.827,WR,2026-06-26T20:30,0.0,0.0,open-meteo
2026-06-26 20:42:24,Dadar,19.018,72.844,WR/CR,2026-06-26T20:30,0.0,0.0,open-meteo
2026-06-26 20:42:24,Andheri,19.119,72.846,WR,2026-06-26T20:30,0.0,0.0,open-meteo
2026-06-26 20:42:24,Borivali,19.231,72.857,WR,,,,open-meteo-ERR
2026-06-26 20:42:24,Virar,19.455,72.811,WR,2026-06-26T20:30,0.0,0.0,open-meteo
2026-06-26 20:42:24,CSMT,18.94,72.835,CR,2026-06-26T20:30,0.0,0.0,open-meteo
2026-06-26 20:42:24,Sion,19.043,72.862,CR-hotspot,2026-06-26T20:30,0.0,0.0,open-meteo
2026-06-26 20:42:24,Kurla,19.065,72.879,CR-hotspot,,,,open-meteo-ERR
2026-06-26 20:42:24,Thane,19.186,72.975,CR,2026-06-26T20:45,0.0,0.0,open-meteo
2026-06-26 20:42:24,Kalyan,19.243,73.13,CR,2026-06-26T20:45,0.0,0.0,open-meteo
2026-06-26 20:42:24,Chunnabhatti,19.046,72.875,Harbour-hotspot,2026-06-26T20:45,0.0,0.0,open-meteo
2026-06-26 20:42:24,Matunga,19.027,72.852,CR-hotspot,,,,open-meteo-ERR
2026-06-26 22:44:07,Churchgate,18.935,72.827,WR,2026-06-26T22:30,0.0,0.0,open-meteo
2026-06-26 22:44:07,Dadar,19.018,72.844,WR/CR,2026-06-26T22:30,0.0,0.0,open-meteo
2026-06-26 22:44:07,Andheri,19.119,72.846,WR,2026-06-26T22:30,0.0,0.0,open-meteo
2026-06-26 22:44:07,Borivali,19.231,72.857,WR,,,,open-meteo-ERR
2026-06-26 22:44:07,Virar,19.455,72.811,WR,2026-06-26T22:45,0.0,0.0,open-meteo
2026-06-26 22:44:07,CSMT,18.94,72.835,CR,2026-06-26T22:45,0.0,0.0,open-meteo
2026-06-26 22:44:07,Sion,19.043,72.862,CR-hotspot,2026-06-26T22:45,0.0,0.0,open-meteo
2026-06-26 22:44:07,Kurla,19.065,72.879,CR-hotspot,,,,open-meteo-ERR
2026-06-26 22:44:07,Thane,19.186,72.975,CR,2026-06-26T22:45,0.0,0.0,open-meteo
2026-06-26 22:44:07,Kalyan,19.243,73.13,CR,2026-06-26T22:45,0.0,0.0,open-meteo
2026-06-26 22:44:07,Chunnabhatti,19.046,72.875,Harbour-hotspot,2026-06-26T22:45,0.0,0.0,open-meteo
2026-06-26 22:44:07,Matunga,19.027,72.852,CR-hotspot,,,,open-meteo-ERR
2026-06-27 00:45:00,Churchgate,18.935,72.827,WR,2026-06-27T00:45,0.1,0.1,open-meteo
2026-06-27 00:45:00,Dadar,19.018,72.844,WR/CR,2026-06-27T00:45,0.1,0.1,open-meteo
2026-06-27 00:45:00,Andheri,19.119,72.846,WR,2026-06-27T00:45,0.1,0.1,open-meteo
2026-06-27 00:45:00,Borivali,19.231,72.857,WR,,,,open-meteo-ERR
2026-06-27 00:45:00,Virar,19.455,72.811,WR,2026-06-27T00:45,0.2,0.1,open-meteo
2026-06-27 00:45:00,CSMT,18.94,72.835,CR,2026-06-27T00:45,0.1,0.1,open-meteo
2026-06-27 00:45:00,Sion,19.043,72.862,CR-hotspot,2026-06-27T00:45,0.1,0.1,open-meteo
2026-06-27 00:45:00,Kurla,19.065,72.879,CR-hotspot,,,,open-meteo-ERR
2026-06-27 00:45:00,Thane,19.186,72.975,CR,2026-06-27T00:45,0.1,0.1,open-meteo
2026-06-27 00:45:00,Kalyan,19.243,73.13,CR,2026-06-27T00:45,0.0,0.0,open-meteo
2026-06-27 00:45:00,Chunnabhatti,19.046,72.875,Harbour-hotspot,2026-06-27T00:45,0.1,0.1,open-meteo
2026-06-27 00:45:00,Matunga,19.027,72.852,CR-hotspot,,,,open-meteo-ERR
2026-06-27 02:33:07,Churchgate,18.935,72.827,WR,2026-06-27T02:30,0.0,0.0,open-meteo
2026-06-27 02:33:07,Dadar,19.018,72.844,WR/CR,2026-06-27T02:30,0.0,0.0,open-meteo
2026-06-27 02:33:07,Andheri,19.119,72.846,WR,2026-06-27T02:30,0.1,0.1,open-meteo
2026-06-27 02:33:07,Borivali,19.231,72.857,WR,2026-06-27T02:30,0.1,0.1,open-meteo
2026-06-27 02:33:07,Virar,19.455,72.811,WR,,,,open-meteo-ERR
2026-06-27 02:33:07,CSMT,18.94,72.835,CR,2026-06-27T02:30,0.0,0.0,open-meteo
2026-06-27 02:33:07,Sion,19.043,72.862,CR-hotspot,2026-06-27T02:30,0.0,0.0,open-meteo
2026-06-27 02:33:07,Kurla,19.065,72.879,CR-hotspot,2026-06-27T02:30,0.1,0.1,open-meteo
2026-06-27 02:33:07,Thane,19.186,72.975,CR,2026-06-27T02:30,0.0,0.0,open-meteo
2026-06-27 02:33:07,Kalyan,19.243,73.13,CR,2026-06-27T02:30,0.0,0.0,open-meteo
2026-06-27 02:33:07,Chunnabhatti,19.046,72.875,Harbour-hotspot,,,,open-meteo-ERR
2026-06-27 02:33:07,Matunga,19.027,72.852,CR-hotspot,2026-06-27T02:30,0.0,0.0,open-meteo
2026-06-27 04:12:11,Churchgate,18.935,72.827,WR,2026-06-27T04:00,0.0,0.0,open-meteo
2026-06-27 04:12:11,Dadar,19.018,72.844,WR/CR,2026-06-27T04:00,0.0,0.0,open-meteo
2026-06-27 04:12:11,Andheri,19.119,72.846,WR,2026-06-27T04:00,0.0,0.0,open-meteo
2026-06-27 04:12:11,Borivali,19.231,72.857,WR,2026-06-27T04:00,0.0,0.0,open-meteo
2026-06-27 04:12:11,Virar,19.455,72.811,WR,,,,open-meteo-ERR
2026-06-27 04:12:11,CSMT,18.94,72.835,CR,2026-06-27T04:00,0.0,0.0,open-meteo
2026-06-27 04:12:11,Sion,19.043,72.862,CR-hotspot,2026-06-27T04:00,0.0,0.0,open-meteo
2026-06-27 04:12:11,Kurla,19.065,72.879,CR-hotspot,2026-06-27T04:00,0.0,0.0,open-meteo
2026-06-27 04:12:11,Thane,19.186,72.975,CR,2026-06-27T04:00,0.0,0.0,open-meteo
2026-06-27 04:12:11,Kalyan,19.243,73.13,CR,2026-06-27T04:00,0.0,0.0,open-meteo
2026-06-27 04:12:11,Chunnabhatti,19.046,72.875,Harbour-hotspot,,,,open-meteo-ERR
2026-06-27 04:12:11,Matunga,19.027,72.852,CR-hotspot,2026-06-27T04:15,0.0,0.0,open-meteo
2026-06-27 05:27:05,Churchgate,18.935,72.827,WR,2026-06-27T05:15,0.0,0.0,open-meteo
2026-06-27 05:27:05,Dadar,19.018,72.844,WR/CR,2026-06-27T05:15,0.0,0.0,open-meteo
2026-06-27 05:27:05,Andheri,19.119,72.846,WR,2026-06-27T05:15,0.0,0.0,open-meteo
2026-06-27 05:27:05,Borivali,19.231,72.857,WR,,,,open-meteo-ERR
2026-06-27 05:27:05,Virar,19.455,72.811,WR,2026-06-27T05:15,0.0,0.0,open-meteo
2026-06-27 05:27:05,CSMT,18.94,72.835,CR,2026-06-27T05:15,0.0,0.0,open-meteo
2026-06-27 05:27:05,Sion,19.043,72.862,CR-hotspot,2026-06-27T05:15,0.0,0.0,open-meteo
2026-06-27 05:27:05,Kurla,19.065,72.879,CR-hotspot,,,,open-meteo-ERR
2026-06-27 05:27:05,Thane,19.186,72.975,CR,2026-06-27T05:15,0.0,0.0,open-meteo
2026-06-27 05:27:05,Kalyan,19.243,73.13,CR,2026-06-27T05:15,0.0,0.0,open-meteo
2026-06-27 05:27:05,Chunnabhatti,19.046,72.875,Harbour-hotspot,2026-06-27T05:15,0.0,0.0,open-meteo
2026-06-27 05:27:05,Matunga,19.027,72.852,CR-hotspot,2026-06-27T05:15,0.0,0.0,open-meteo
2026-06-27 08:20:37,Churchgate,18.935,72.827,WR,2026-06-27T08:15,0.1,0.1,open-meteo
2026-06-27 08:20:37,Dadar,19.018,72.844,WR/CR,2026-06-27T08:15,0.1,0.1,open-meteo
2026-06-27 08:20:37,Andheri,19.119,72.846,WR,2026-06-27T08:15,0.0,0.0,open-meteo
2026-06-27 08:20:37,Borivali,19.231,72.857,WR,,,,open-meteo-ERR
2026-06-27 08:20:37,Virar,19.455,72.811,WR,2026-06-27T08:15,0.0,0.0,open-meteo
2026-06-27 08:20:37,CSMT,18.94,72.835,CR,2026-06-27T08:15,0.1,0.1,open-meteo
2026-06-27 08:20:37,Sion,19.043,72.862,CR-hotspot,2026-06-27T08:15,0.1,0.1,open-meteo
2026-06-27 08:20:37,Kurla,19.065,72.879,CR-hotspot,,,,open-meteo-ERR
2026-06-27 08:20:37,Thane,19.186,72.975,CR,2026-06-27T08:15,0.0,0.0,open-meteo
2026-06-27 08:20:37,Kalyan,19.243,73.13,CR,2026-06-27T08:15,0.0,0.0,open-meteo
2026-06-27 08:20:37,Chunnabhatti,19.046,72.875,Harbour-hotspot,2026-06-27T08:15,0.1,0.1,open-meteo
2026-06-27 08:20:37,Matunga,19.027,72.852,CR-hotspot,,,,open-meteo-ERR
2026-06-27 11:53:35,Churchgate,18.935,72.827,WR,2026-06-27T11:45,0.0,0.0,open-meteo
2026-06-27 11:53:35,Dadar,19.018,72.844,WR/CR,2026-06-27T11:45,0.0,0.0,open-meteo
2026-06-27 11:53:35,Andheri,19.119,72.846,WR,2026-06-27T11:45,0.0,0.0,open-meteo
2026-06-27 11:53:35,Borivali,19.231,72.857,WR,2026-06-27T11:45,0.0,0.0,open-meteo
2026-06-27 11:53:35,Virar,19.455,72.811,WR,,,,open-meteo-ERR
2026-06-27 11:53:35,CSMT,18.94,72.835,CR,2026-06-27T11:45,0.0,0.0,open-meteo
2026-06-27 11:53:35,Sion,19.043,72.862,CR-hotspot,2026-06-27T11:45,0.0,0.0,open-meteo
2026-06-27 11:53:35,Kurla,19.065,72.879,CR-hotspot,2026-06-27T11:45,0.0,0.0,open-meteo
2026-06-27 11:53:35,Thane,19.186,72.975,CR,2026-06-27T11:45,0.0,0.0,open-meteo
2026-06-27 11:53:35,Kalyan,19.243,73.13,CR,2026-06-27T11:45,0.0,0.0,open-meteo
2026-06-27 11:53:35,Chunnabhatti,19.046,72.875,Harbour-hotspot,,,,open-meteo-ERR
2026-06-27 11:53:35,Matunga,19.027,72.852,CR-hotspot,2026-06-27T11:45,0.0,0.0,open-meteo
2026-06-27 14:39:55,Churchgate,18.935,72.827,WR,2026-06-27T14:30,0.0,0.0,open-meteo
2026-06-27 14:39:55,Dadar,19.018,72.844,WR/CR,2026-06-27T14:30,0.0,0.0,open-meteo
2026-06-27 14:39:55,Andheri,19.119,72.846,WR,2026-06-27T14:30,0.0,0.0,open-meteo
2026-06-27 14:39:55,Borivali,19.231,72.857,WR,2026-06-27T14:30,0.0,0.0,open-meteo
2026-06-27 14:39:55,Virar,19.455,72.811,WR,2026-06-27T14:30,0.0,0.0,open-meteo
2026-06-27 14:39:55,CSMT,18.94,72.835,CR,2026-06-27T14:30,0.0,0.0,open-meteo
2026-06-27 14:39:55,Sion,19.043,72.862,CR-hotspot,2026-06-27T14:30,0.0,0.0,open-meteo
2026-06-27 14:39:55,Kurla,19.065,72.879,CR-hotspot,2026-06-27T14:30,0.0,0.0,open-meteo
2026-06-27 14:39:55,Thane,19.186,72.975,CR,,,,open-meteo-ERR
2026-06-27 14:39:55,Kalyan,19.243,73.13,CR,2026-06-27T14:30,0.0,0.0,open-meteo
2026-06-27 14:39:55,Chunnabhatti,19.046,72.875,Harbour-hotspot,2026-06-27T14:30,0.0,0.0,open-meteo
2026-06-27 14:39:55,Matunga,19.027,72.852,CR-hotspot,2026-06-27T14:30,0.0,0.0,open-meteo
2026-06-27 16:39:29,Churchgate,18.935,72.827,WR,2026-06-27T16:30,0.0,0.0,open-meteo
2026-06-27 16:39:29,Dadar,19.018,72.844,WR/CR,2026-06-27T16:30,0.0,0.0,open-meteo
2026-06-27 16:39:29,Andheri,19.119,72.846,WR,2026-06-27T16:30,0.0,0.0,open-meteo
2026-06-27 16:39:29,Borivali,19.231,72.857,WR,2026-06-27T16:30,0.0,0.0,open-meteo
2026-06-27 16:39:29,Virar,19.455,72.811,WR,,,,open-meteo-ERR
2026-06-27 16:39:29,CSMT,18.94,72.835,CR,2026-06-27T16:30,0.0,0.0,open-meteo
2026-06-27 16:39:29,Sion,19.043,72.862,CR-hotspot,2026-06-27T16:30,0.0,0.0,open-meteo
2026-06-27 16:39:29,Kurla,19.065,72.879,CR-hotspot,,,,open-meteo-ERR
2026-06-27 16:39:29,Thane,19.186,72.975,CR,2026-06-27T16:30,0.1,0.1,open-meteo
2026-06-27 16:39:29,Kalyan,19.243,73.13,CR,2026-06-27T16:30,0.1,0.1,open-meteo
2026-06-27 16:39:29,Chunnabhatti,19.046,72.875,Harbour-hotspot,2026-06-27T16:30,0.0,0.0,open-meteo
2026-06-27 16:39:29,Matunga,19.027,72.852,CR-hotspot,2026-06-27T16:30,0.0,0.0,open-meteo
2026-06-27 18:19:36,Churchgate,18.935,72.827,WR,2026-06-27T18:15,0.0,0.0,open-meteo
2026-06-27 18:19:36,Dadar,19.018,72.844,WR/CR,2026-06-27T18:15,0.0,0.0,open-meteo
2026-06-27 18:19:36,Andheri,19.119,72.846,WR,2026-06-27T18:15,0.0,0.0,open-meteo
2026-06-27 18:19:36,Borivali,19.231,72.857,WR,,,,open-meteo-ERR
2026-06-27 18:19:36,Virar,19.455,72.811,WR,2026-06-27T18:15,0.0,0.0,open-meteo
2026-06-27 18:19:36,CSMT,18.94,72.835,CR,2026-06-27T18:15,0.0,0.0,open-meteo
2026-06-27 18:19:36,Sion,19.043,72.862,CR-hotspot,2026-06-27T18:15,0.0,0.0,open-meteo
2026-06-27 18:19:36,Kurla,19.065,72.879,CR-hotspot,,,,open-meteo-ERR
2026-06-27 18:19:36,Thane,19.186,72.975,CR,2026-06-27T18:15,0.0,0.0,open-meteo
2026-06-27 18:19:36,Kalyan,19.243,73.13,CR,2026-06-27T18:15,0.1,0.1,open-meteo
2026-06-27 18:19:36,Chunnabhatti,19.046,72.875,Harbour-hotspot,2026-06-27T18:15,0.0,0.0,open-meteo
2026-06-27 18:19:36,Matunga,19.027,72.852,CR-hotspot,,,,open-meteo-ERR
2026-06-27 19:53:40,Churchgate,18.935,72.827,WR,2026-06-27T19:45,0.0,0.0,open-meteo
2026-06-27 19:53:40,Dadar,19.018,72.844,WR/CR,2026-06-27T19:45,0.0,0.0,open-meteo
2026-06-27 19:53:40,Andheri,19.119,72.846,WR,2026-06-27T19:45,0.0,0.0,open-meteo
2026-06-27 19:53:40,Borivali,19.231,72.857,WR,,,,open-meteo-ERR
2026-06-27 19:53:40,Virar,19.455,72.811,WR,2026-06-27T19:45,0.0,0.0,open-meteo
2026-06-27 19:53:40,CSMT,18.94,72.835,CR,2026-06-27T19:45,0.0,0.0,open-meteo
2026-06-27 19:53:40,Sion,19.043,72.862,CR-hotspot,2026-06-27T19:45,0.0,0.0,open-meteo
2026-06-27 19:53:40,Kurla,19.065,72.879,CR-hotspot,,,,open-meteo-ERR
2026-06-27 19:53:40,Thane,19.186,72.975,CR,2026-06-27T19:45,0.0,0.0,open-meteo
2026-06-27 19:53:40,Kalyan,19.243,73.13,CR,2026-06-27T19:45,0.0,0.0,open-meteo
2026-06-27 19:53:40,Chunnabhatti,19.046,72.875,Harbour-hotspot,2026-06-27T19:45,0.0,0.0,open-meteo
2026-06-27 19:53:40,Matunga,19.027,72.852,CR-hotspot,,,,open-meteo-ERR
2026-06-27 21:16:52,Churchgate,18.935,72.827,WR,2026-06-27T21:15,0.0,0.0,open-meteo
2026-06-27 21:16:52,Dadar,19.018,72.844,WR/CR,2026-06-27T21:15,0.0,0.0,open-meteo
2026-06-27 21:16:52,Andheri,19.119,72.846,WR,2026-06-27T21:15,0.0,0.0,open-meteo
2026-06-27 21:16:52,Borivali,19.231,72.857,WR,,,,open-meteo-ERR
2026-06-27 21:16:52,Virar,19.455,72.811,WR,2026-06-27T21:15,0.0,0.0,open-meteo
2026-06-27 21:16:52,CSMT,18.94,72.835,CR,2026-06-27T21:15,0.0,0.0,open-meteo
2026-06-27 21:16:52,Sion,19.043,72.862,CR-hotspot,2026-06-27T21:15,0.0,0.0,open-meteo
2026-06-27 21:16:52,Kurla,19.065,72.879,CR-hotspot,2026-06-27T21:15,0.0,0.0,open-meteo
2026-06-27 21:16:52,Thane,19.186,72.975,CR,,,,open-meteo-ERR
2026-06-27 21:16:52,Kalyan,19.243,73.13,CR,2026-06-27T21:15,0.0,0.0,open-meteo
2026-06-27 21:16:52,Chunnabhatti,19.046,72.875,Harbour-hotspot,2026-06-27T21:15,0.0,0.0,open-meteo
2026-06-27 21:16:52,Matunga,19.027,72.852,CR-hotspot,2026-06-27T21:15,0.0,0.0,open-meteo
2026-06-27 22:29:38,Churchgate,18.935,72.827,WR,2026-06-27T22:15,0.0,0.0,open-meteo
2026-06-27 22:29:38,Dadar,19.018,72.844,WR/CR,2026-06-27T22:15,0.0,0.0,open-meteo
2026-06-27 22:29:38,Andheri,19.119,72.846,WR,2026-06-27T22:15,0.0,0.0,open-meteo
2026-06-27 22:29:38,Borivali,19.231,72.857,WR,2026-06-27T22:15,0.0,0.0,open-meteo
2026-06-27 22:29:38,Virar,19.455,72.811,WR,,,,open-meteo-ERR
2026-06-27 22:29:38,CSMT,18.94,72.835,CR,2026-06-27T22:30,0.0,0.0,open-meteo
2026-06-27 22:29:38,Sion,19.043,72.862,CR-hotspot,2026-06-27T22:30,0.0,0.0,open-meteo
2026-06-27 22:29:38,Kurla,19.065,72.879,CR-hotspot,2026-06-27T22:30,0.0,0.0,open-meteo
2026-06-27 22:29:38,Thane,19.186,72.975,CR,2026-06-27T22:30,0.0,0.0,open-meteo
2026-06-27 22:29:38,Kalyan,19.243,73.13,CR,2026-06-27T22:30,0.0,0.0,open-meteo
2026-06-27 22:29:38,Chunnabhatti,19.046,72.875,Harbour-hotspot,,,,open-meteo-ERR
2026-06-27 22:29:38,Matunga,19.027,72.852,CR-hotspot,2026-06-27T22:30,0.0,0.0,open-meteo
2026-06-27 23:37:45,Churchgate,18.935,72.827,WR,2026-06-27T23:30,0.1,0.1,open-meteo
2026-06-27 23:37:45,Dadar,19.018,72.844,WR/CR,2026-06-27T23:30,0.1,0.1,open-meteo
2026-06-27 23:37:45,Andheri,19.119,72.846,WR,2026-06-27T23:30,0.0,0.0,open-meteo
2026-06-27 23:37:45,Borivali,19.231,72.857,WR,2026-06-27T23:30,0.1,0.1,open-meteo
2026-06-27 23:37:45,Virar,19.455,72.811,WR,,,,open-meteo-ERR
2026-06-27 23:37:45,CSMT,18.94,72.835,CR,2026-06-27T23:30,0.1,0.1,open-meteo
2026-06-27 23:37:45,Sion,19.043,72.862,CR-hotspot,2026-06-27T23:30,0.1,0.1,open-meteo
2026-06-27 23:37:45,Kurla,19.065,72.879,CR-hotspot,2026-06-27T23:30,0.0,0.0,open-meteo
2026-06-27 23:37:45,Thane,19.186,72.975,CR,2026-06-27T23:30,0.0,0.0,open-meteo
2026-06-27 23:37:45,Kalyan,19.243,73.13,CR,2026-06-27T23:30,0.0,0.0,open-meteo
2026-06-27 23:37:45,Chunnabhatti,19.046,72.875,Harbour-hotspot,,,,open-meteo-ERR
2026-06-27 23:37:45,Matunga,19.027,72.852,CR-hotspot,2026-06-27T23:30,0.1,0.1,open-meteo
2026-06-28 01:20:51,Churchgate,18.935,72.827,WR,2026-06-28T01:15,0.0,0.0,open-meteo
2026-06-28 01:20:51,Dadar,19.018,72.844,WR/CR,2026-06-28T01:15,0.0,0.0,open-meteo
2026-06-28 01:20:51,Andheri,19.119,72.846,WR,2026-06-28T01:15,0.0,0.0,open-meteo
2026-06-28 01:20:51,Borivali,19.231,72.857,WR,2026-06-28T01:15,0.1,0.1,open-meteo
2026-06-28 01:20:51,Virar,19.455,72.811,WR,,,,open-meteo-ERR
2026-06-28 01:20:51,CSMT,18.94,72.835,CR,2026-06-28T01:15,0.0,0.0,open-meteo
2026-06-28 01:20:51,Sion,19.043,72.862,CR-hotspot,2026-06-28T01:15,0.0,0.0,open-meteo
2026-06-28 01:20:51,Kurla,19.065,72.879,CR-hotspot,2026-06-28T01:15,0.0,0.0,open-meteo
2026-06-28 01:20:51,Thane,19.186,72.975,CR,2026-06-28T01:15,0.0,0.0,open-meteo
2026-06-28 01:20:51,Kalyan,19.243,73.13,CR,,,,open-meteo-ERR
2026-06-28 01:20:51,Chunnabhatti,19.046,72.875,Harbour-hotspot,2026-06-28T01:15,0.0,0.0,open-meteo
2026-06-28 01:20:51,Matunga,19.027,72.852,CR-hotspot,2026-06-28T01:15,0.0,0.0,open-meteo
2026-06-28 02:22:23,Churchgate,18.935,72.827,WR,2026-06-28T02:15,0.0,0.0,open-meteo
2026-06-28 02:22:23,Dadar,19.018,72.844,WR/CR,2026-06-28T02:15,0.0,0.0,open-meteo
2026-06-28 02:22:23,Andheri,19.119,72.846,WR,2026-06-28T02:15,0.1,0.1,open-meteo
2026-06-28 02:22:23,Borivali,19.231,72.857,WR,2026-06-28T02:15,0.0,0.0,open-meteo
2026-06-28 02:22:23,Virar,19.455,72.811,WR,,,,open-meteo-ERR
2026-06-28 02:22:23,CSMT,18.94,72.835,CR,2026-06-28T02:15,0.0,0.0,open-meteo
2026-06-28 02:22:23,Sion,19.043,72.862,CR-hotspot,2026-06-28T02:15,0.0,0.0,open-meteo
2026-06-28 02:22:23,Kurla,19.065,72.879,CR-hotspot,2026-06-28T02:15,0.1,0.1,open-meteo
2026-06-28 02:22:23,Thane,19.186,72.975,CR,2026-06-28T02:15,0.0,0.0,open-meteo
2026-06-28 02:22:23,Kalyan,19.243,73.13,CR,2026-06-28T02:15,0.0,0.0,open-meteo
2026-06-28 02:22:23,Chunnabhatti,19.046,72.875,Harbour-hotspot,,,,open-meteo-ERR
2026-06-28 02:22:23,Matunga,19.027,72.852,CR-hotspot,2026-06-28T02:15,0.0,0.0,open-meteo
2026-06-28 03:26:00,Churchgate,18.935,72.827,WR,2026-06-28T03:15,0.1,0.0,open-meteo
2026-06-28 03:26:00,Dadar,19.018,72.844,WR/CR,2026-06-28T03:15,0.1,0.0,open-meteo
2026-06-28 03:26:00,Andheri,19.119,72.846,WR,2026-06-28T03:15,0.0,0.0,open-meteo
2026-06-28 03:26:00,Borivali,19.231,72.857,WR,2026-06-28T03:15,0.0,0.0,open-meteo
2026-06-28 03:26:00,Virar,19.455,72.811,WR,,,,open-meteo-ERR
2026-06-28 03:26:00,CSMT,18.94,72.835,CR,2026-06-28T03:15,0.1,0.0,open-meteo
2026-06-28 03:26:00,Sion,19.043,72.862,CR-hotspot,2026-06-28T03:15,0.1,0.0,open-meteo
2026-06-28 03:26:00,Kurla,19.065,72.879,CR-hotspot,2026-06-28T03:15,0.0,0.0,open-meteo
2026-06-28 03:26:00,Thane,19.186,72.975,CR,2026-06-28T03:15,0.0,0.0,open-meteo
2026-06-28 03:26:00,Kalyan,19.243,73.13,CR,2026-06-28T03:15,0.0,0.0,open-meteo
2026-06-28 03:26:00,Chunnabhatti,19.046,72.875,Harbour-hotspot,,,,open-meteo-ERR
2026-06-28 03:26:00,Matunga,19.027,72.852,CR-hotspot,2026-06-28T03:15,0.1,0.0,open-meteo
2026-06-28 04:28:05,Churchgate,18.935,72.827,WR,2026-06-28T04:15,0.1,0.1,open-meteo
2026-06-28 04:28:05,Dadar,19.018,72.844,WR/CR,2026-06-28T04:15,0.1,0.1,open-meteo
2026-06-28 04:28:05,Andheri,19.119,72.846,WR,2026-06-28T04:15,0.1,0.1,open-meteo
2026-06-28 04:28:05,Borivali,19.231,72.857,WR,2026-06-28T04:15,0.0,0.0,open-meteo
2026-06-28 04:28:05,Virar,19.455,72.811,WR,,,,open-meteo-ERR
2026-06-28 04:28:05,CSMT,18.94,72.835,CR,2026-06-28T04:15,0.1,0.1,open-meteo
2026-06-28 04:28:05,Sion,19.043,72.862,CR-hotspot,2026-06-28T04:15,0.1,0.1,open-meteo
2026-06-28 04:28:05,Kurla,19.065,72.879,CR-hotspot,2026-06-28T04:15,0.1,0.1,open-meteo
2026-06-28 04:28:05,Thane,19.186,72.975,CR,2026-06-28T04:15,0.0,0.0,open-meteo
2026-06-28 04:28:05,Kalyan,19.243,73.13,CR,,,,open-meteo-ERR
2026-06-28 04:28:05,Chunnabhatti,19.046,72.875,Harbour-hotspot,2026-06-28T04:30,0.1,0.1,open-meteo
2026-06-28 04:28:05,Matunga,19.027,72.852,CR-hotspot,2026-06-28T04:30,0.1,0.1,open-meteo
2026-06-28 05:31:59,Churchgate,18.935,72.827,WR,2026-06-28T05:30,0.0,0.0,open-meteo
2026-06-28 05:31:59,Dadar,19.018,72.844,WR/CR,2026-06-28T05:30,0.0,0.0,open-meteo
2026-06-28 05:31:59,Andheri,19.119,72.846,WR,2026-06-28T05:30,0.0,0.0,open-meteo
2026-06-28 05:31:59,Borivali,19.231,72.857,WR,2026-06-28T05:30,0.0,0.0,open-meteo
2026-06-28 05:31:59,Virar,19.455,72.811,WR,,,,open-meteo-ERR
2026-06-28 05:31:59,CSMT,18.94,72.835,CR,2026-06-28T05:30,0.0,0.0,open-meteo
2026-06-28 05:31:59,Sion,19.043,72.862,CR-hotspot,2026-06-28T05:30,0.0,0.0,open-meteo
2026-06-28 05:31:59,Kurla,19.065,72.879,CR-hotspot,2026-06-28T05:30,0.0,0.0,open-meteo
2026-06-28 05:31:59,Thane,19.186,72.975,CR,2026-06-28T05:30,0.0,0.0,open-meteo
2026-06-28 05:31:59,Kalyan,19.243,73.13,CR,2026-06-28T05:30,0.0,0.0,open-meteo
2026-06-28 05:31:59,Chunnabhatti,19.046,72.875,Harbour-hotspot,,,,open-meteo-ERR
2026-06-28 05:31:59,Matunga,19.027,72.852,CR-hotspot,2026-06-28T05:30,0.0,0.0,open-meteo
2026-06-28 10:27:58,Churchgate,18.935,72.827,WR,2026-06-28T10:15,0.0,0.0,open-meteo
2026-06-28 10:27:58,Dadar,19.018,72.844,WR/CR,2026-06-28T10:15,0.0,0.0,open-meteo
2026-06-28 10:27:58,Andheri,19.119,72.846,WR,2026-06-28T10:15,0.0,0.0,open-meteo
2026-06-28 10:27:58,Borivali,19.231,72.857,WR,,,,open-meteo-ERR
2026-06-28 10:27:58,Virar,19.455,72.811,WR,2026-06-28T10:15,0.1,0.1,open-meteo
2026-06-28 10:27:58,CSMT,18.94,72.835,CR,2026-06-28T10:15,0.0,0.0,open-meteo
2026-06-28 10:27:58,Sion,19.043,72.862,CR-hotspot,2026-06-28T10:15,0.0,0.0,open-meteo
2026-06-28 10:27:58,Kurla,19.065,72.879,CR-hotspot,2026-06-28T10:30,0.0,0.0,open-meteo
2026-06-28 10:27:58,Thane,19.186,72.975,CR,2026-06-28T10:30,0.0,0.0,open-meteo
2026-06-28 10:27:58,Kalyan,19.243,73.13,CR,2026-06-28T10:30,0.0,0.0,open-meteo
2026-06-28 10:27:58,Chunnabhatti,19.046,72.875,Harbour-hotspot,2026-06-28T10:30,0.0,0.0,open-meteo
2026-06-28 10:27:58,Matunga,19.027,72.852,CR-hotspot,,,,open-meteo-ERR
2026-06-28 13:50:59,Churchgate,18.935,72.827,WR,2026-06-28T13:45,0.2,0.2,open-meteo
2026-06-28 13:50:59,Dadar,19.018,72.844,WR/CR,2026-06-28T13:45,0.2,0.2,open-meteo
2026-06-28 13:50:59,Andheri,19.119,72.846,WR,2026-06-28T13:45,0.2,0.1,open-meteo
2026-06-28 13:50:59,Borivali,19.231,72.857,WR,2026-06-28T13:45,0.1,0.1,open-meteo
2026-06-28 13:50:59,Virar,19.455,72.811,WR,,,,open-meteo-ERR
2026-06-28 13:50:59,CSMT,18.94,72.835,CR,2026-06-28T13:45,0.2,0.1,open-meteo
2026-06-28 13:50:59,Sion,19.043,72.862,CR-hotspot,2026-06-28T13:45,0.2,0.1,open-meteo
2026-06-28 13:50:59,Kurla,19.065,72.879,CR-hotspot,2026-06-28T13:45,0.2,0.1,open-meteo
2026-06-28 13:50:59,Thane,19.186,72.975,CR,2026-06-28T13:45,1.1,0.3,open-meteo
2026-06-28 13:50:59,Kalyan,19.243,73.13,CR,,,,open-meteo-ERR
2026-06-28 13:50:59,Chunnabhatti,19.046,72.875,Harbour-hotspot,2026-06-28T13:45,0.2,0.1,open-meteo
2026-06-28 13:50:59,Matunga,19.027,72.852,CR-hotspot,2026-06-28T13:45,0.2,0.1,open-meteo
2026-06-28 16:08:18,Churchgate,18.935,72.827,WR,2026-06-28T16:00,0.0,0.0,open-meteo
2026-06-28 16:08:18,Dadar,19.018,72.844,WR/CR,2026-06-28T16:00,0.0,0.0,open-meteo
2026-06-28 16:08:18,Andheri,19.119,72.846,WR,2026-06-28T16:00,0.0,0.0,open-meteo
2026-06-28 16:08:18,Borivali,19.231,72.857,WR,2026-06-28T16:00,0.0,0.0,open-meteo
2026-06-28 16:08:18,Virar,19.455,72.811,WR,,,,open-meteo-ERR
2026-06-28 16:08:18,CSMT,18.94,72.835,CR,2026-06-28T16:00,0.0,0.0,open-meteo
2026-06-28 16:08:18,Sion,19.043,72.862,CR-hotspot,2026-06-28T16:00,0.0,0.0,open-meteo
2026-06-28 16:08:18,Kurla,19.065,72.879,CR-hotspot,2026-06-28T16:00,0.0,0.0,open-meteo
2026-06-28 16:08:18,Thane,19.186,72.975,CR,2026-06-28T16:00,0.2,0.1,open-meteo
2026-06-28 16:08:18,Kalyan,19.243,73.13,CR,2026-06-28T16:00,0.1,0.0,open-meteo
2026-06-28 16:08:18,Chunnabhatti,19.046,72.875,Harbour-hotspot,,,,open-meteo-ERR
2026-06-28 16:08:18,Matunga,19.027,72.852,CR-hotspot,2026-06-28T16:00,0.0,0.0,open-meteo
2026-06-28 17:43:08,Churchgate,18.935,72.827,WR,2026-06-28T17:30,0.1,0.1,open-meteo
2026-06-28 17:43:08,Dadar,19.018,72.844,WR/CR,2026-06-28T17:30,0.1,0.1,open-meteo
2026-06-28 17:43:08,Andheri,19.119,72.846,WR,2026-06-28T17:30,0.1,0.1,open-meteo
2026-06-28 17:43:08,Borivali,19.231,72.857,WR,,,,open-meteo-ERR
2026-06-28 17:43:08,Virar,19.455,72.811,WR,2026-06-28T17:30,0.1,0.0,open-meteo
2026-06-28 17:43:08,CSMT,18.94,72.835,CR,2026-06-28T17:30,0.1,0.1,open-meteo
2026-06-28 17:43:08,Sion,19.043,72.862,CR-hotspot,2026-06-28T17:30,0.1,0.1,open-meteo
2026-06-28 17:43:08,Kurla,19.065,72.879,CR-hotspot,,,,open-meteo-ERR
2026-06-28 17:43:08,Thane,19.186,72.975,CR,2026-06-28T17:45,0.1,0.0,open-meteo
2026-06-28 17:43:08,Kalyan,19.243,73.13,CR,2026-06-28T17:45,0.4,0.2,open-meteo
2026-06-28 17:43:08,Chunnabhatti,19.046,72.875,Harbour-hotspot,2026-06-28T17:45,0.1,0.1,open-meteo
2026-06-28 17:43:08,Matunga,19.027,72.852,CR-hotspot,,,,open-meteo-ERR
2026-06-28 19:50:28,Churchgate,18.935,72.827,WR,2026-06-28T19:45,0.4,0.3,open-meteo
2026-06-28 19:50:28,Dadar,19.018,72.844,WR/CR,2026-06-28T19:45,0.4,0.3,open-meteo
2026-06-28 19:50:28,Andheri,19.119,72.846,WR,2026-06-28T19:45,1.1,0.2,open-meteo
2026-06-28 19:50:28,Borivali,19.231,72.857,WR,,,,open-meteo-ERR
2026-06-28 19:50:28,Virar,19.455,72.811,WR,2026-06-28T19:45,0.2,0.2,open-meteo
2026-06-28 19:50:28,CSMT,18.94,72.835,CR,2026-06-28T19:45,0.4,0.3,open-meteo
2026-06-28 19:50:28,Sion,19.043,72.862,CR-hotspot,2026-06-28T19:45,0.4,0.3,open-meteo
2026-06-28 19:50:28,Kurla,19.065,72.879,CR-hotspot,2026-06-28T19:45,1.1,0.2,open-meteo
2026-06-28 19:50:28,Thane,19.186,72.975,CR,,,,open-meteo-ERR
2026-06-28 19:50:28,Kalyan,19.243,73.13,CR,2026-06-28T19:45,0.6,0.4,open-meteo
2026-06-28 19:50:28,Chunnabhatti,19.046,72.875,Harbour-hotspot,2026-06-28T19:45,0.4,0.3,open-meteo
2026-06-28 19:50:28,Matunga,19.027,72.852,CR-hotspot,2026-06-28T19:45,0.4,0.3,open-meteo
2026-06-28 21:16:31,Churchgate,18.935,72.827,WR,2026-06-28T21:15,0.2,0.2,open-meteo
2026-06-28 21:16:31,Dadar,19.018,72.844,WR/CR,2026-06-28T21:15,0.2,0.2,open-meteo
2026-06-28 21:16:31,Andheri,19.119,72.846,WR,2026-06-28T21:15,0.4,0.3,open-meteo
2026-06-28 21:16:31,Borivali,19.231,72.857,WR,,,,open-meteo-ERR
2026-06-28 21:16:31,Virar,19.455,72.811,WR,2026-06-28T21:15,0.2,0.2,open-meteo
2026-06-28 21:16:31,CSMT,18.94,72.835,CR,2026-06-28T21:15,0.2,0.2,open-meteo
2026-06-28 21:16:31,Sion,19.043,72.862,CR-hotspot,2026-06-28T21:15,0.2,0.2,open-meteo
2026-06-28 21:16:31,Kurla,19.065,72.879,CR-hotspot,2026-06-28T21:15,0.4,0.3,open-meteo
2026-06-28 21:16:31,Thane,19.186,72.975,CR,,,,open-meteo-ERR
2026-06-28 21:16:31,Kalyan,19.243,73.13,CR,2026-06-28T21:15,0.2,0.2,open-meteo
2026-06-28 21:16:31,Chunnabhatti,19.046,72.875,Harbour-hotspot,2026-06-28T21:15,0.2,0.2,open-meteo
2026-06-28 21:16:31,Matunga,19.027,72.852,CR-hotspot,2026-06-28T21:15,0.2,0.2,open-meteo
2026-06-28 22:29:55,Churchgate,18.935,72.827,WR,2026-06-28T22:15,0.1,0.1,open-meteo
2026-06-28 22:29:55,Dadar,19.018,72.844,WR/CR,2026-06-28T22:15,0.1,0.1,open-meteo
2026-06-28 22:29:55,Andheri,19.119,72.846,WR,2026-06-28T22:15,0.2,0.2,open-meteo
2026-06-28 22:29:55,Borivali,19.231,72.857,WR,2026-06-28T22:30,0.1,0.1,open-meteo
2026-06-28 22:29:55,Virar,19.455,72.811,WR,,,,open-meteo-ERR
2026-06-28 22:29:55,CSMT,18.94,72.835,CR,2026-06-28T22:30,0.1,0.1,open-meteo
2026-06-28 22:29:55,Sion,19.043,72.862,CR-hotspot,2026-06-28T22:30,0.1,0.1,open-meteo
2026-06-28 22:29:55,Kurla,19.065,72.879,CR-hotspot,2026-06-28T22:30,0.2,0.2,open-meteo
2026-06-28 22:29:55,Thane,19.186,72.975,CR,2026-06-28T22:30,0.1,0.1,open-meteo
2026-06-28 22:29:55,Kalyan,19.243,73.13,CR,2026-06-28T22:30,0.0,0.0,open-meteo
2026-06-28 22:29:55,Chunnabhatti,19.046,72.875,Harbour-hotspot,,,,open-meteo-ERR
2026-06-28 22:29:55,Matunga,19.027,72.852,CR-hotspot,2026-06-28T22:30,0.1,0.1,open-meteo
2026-06-28 23:38:04,Churchgate,18.935,72.827,WR,2026-06-28T23:30,0.1,0.1,open-meteo
2026-06-28 23:38:04,Dadar,19.018,72.844,WR/CR,2026-06-28T23:30,0.1,0.1,open-meteo
2026-06-28 23:38:04,Andheri,19.119,72.846,WR,2026-06-28T23:30,0.1,0.1,open-meteo
2026-06-28 23:38:04,Borivali,19.231,72.857,WR,2026-06-28T23:30,0.0,0.0,open-meteo
2026-06-28 23:38:04,Virar,19.455,72.811,WR,,,,open-meteo-ERR
2026-06-28 23:38:04,CSMT,18.94,72.835,CR,2026-06-28T23:30,0.1,0.1,open-meteo
2026-06-28 23:38:04,Sion,19.043,72.862,CR-hotspot,2026-06-28T23:30,0.1,0.1,open-meteo
2026-06-28 23:38:04,Kurla,19.065,72.879,CR-hotspot,2026-06-28T23:30,0.1,0.1,open-meteo
2026-06-28 23:38:04,Thane,19.186,72.975,CR,2026-06-28T23:30,0.0,0.0,open-meteo
2026-06-28 23:38:04,Kalyan,19.243,73.13,CR,2026-06-28T23:30,0.0,0.0,open-meteo
2026-06-28 23:38:04,Chunnabhatti,19.046,72.875,Harbour-hotspot,,,,open-meteo-ERR
2026-06-28 23:38:04,Matunga,19.027,72.852,CR-hotspot,2026-06-28T23:30,0.1,0.1,open-meteo
2026-06-29 01:21:22,Churchgate,18.935,72.827,WR,2026-06-29T01:15,0.5,0.2,open-meteo
2026-06-29 01:21:22,Dadar,19.018,72.844,WR/CR,2026-06-29T01:15,0.5,0.2,open-meteo
2026-06-29 01:21:22,Andheri,19.119,72.846,WR,2026-06-29T01:15,0.7,0.2,open-meteo
2026-06-29 01:21:22,Borivali,19.231,72.857,WR,2026-06-29T01:15,0.2,0.1,open-meteo
2026-06-29 01:21:22,Virar,19.455,72.811,WR,,,,open-meteo-ERR
2026-06-29 01:21:22,CSMT,18.94,72.835,CR,2026-06-29T01:15,0.5,0.2,open-meteo
2026-06-29 01:21:22,Sion,19.043,72.862,CR-hotspot,2026-06-29T01:15,0.5,0.2,open-meteo
2026-06-29 01:21:22,Kurla,19.065,72.879,CR-hotspot,2026-06-29T01:15,0.7,0.2,open-meteo
2026-06-29 01:21:22,Thane,19.186,72.975,CR,2026-06-29T01:15,0.1,0.0,open-meteo
2026-06-29 01:21:22,Kalyan,19.243,73.13,CR,2026-06-29T01:15,0.0,0.0,open-meteo
2026-06-29 01:21:22,Chunnabhatti,19.046,72.875,Harbour-hotspot,,,,open-meteo-ERR
2026-06-29 01:21:22,Matunga,19.027,72.852,CR-hotspot,2026-06-29T01:15,0.5,0.2,open-meteo
2026-06-29 02:22:48,Churchgate,18.935,72.827,WR,2026-06-29T02:15,0.2,0.1,open-meteo
2026-06-29 02:22:48,Dadar,19.018,72.844,WR/CR,2026-06-29T02:15,0.2,0.1,open-meteo
2026-06-29 02:22:48,Andheri,19.119,72.846,WR,2026-06-29T02:15,0.3,0.3,open-meteo
2026-06-29 02:22:48,Borivali,19.231,72.857,WR,2026-06-29T02:15,0.1,0.1,open-meteo
2026-06-29 02:22:48,Virar,19.455,72.811,WR,,,,open-meteo-ERR
2026-06-29 02:22:48,CSMT,18.94,72.835,CR,2026-06-29T02:15,0.2,0.1,open-meteo
2026-06-29 02:22:48,Sion,19.043,72.862,CR-hotspot,2026-06-29T02:15,0.2,0.1,open-meteo
2026-06-29 02:22:48,Kurla,19.065,72.879,CR-hotspot,2026-06-29T02:15,0.3,0.3,open-meteo
2026-06-29 02:22:48,Thane,19.186,72.975,CR,2026-06-29T02:15,0.1,0.1,open-meteo
2026-06-29 02:22:48,Kalyan,19.243,73.13,CR,2026-06-29T02:15,0.0,0.0,open-meteo
2026-06-29 02:22:48,Chunnabhatti,19.046,72.875,Harbour-hotspot,2026-06-29T02:15,0.2,0.1,open-meteo
2026-06-29 02:22:48,Matunga,19.027,72.852,CR-hotspot,2026-06-29T02:15,0.2,0.1,open-meteo
2026-06-29 03:25:49,Churchgate,18.935,72.827,WR,2026-06-29T03:15,0.1,0.1,open-meteo
2026-06-29 03:25:49,Dadar,19.018,72.844,WR/CR,2026-06-29T03:15,0.1,0.1,open-meteo
2026-06-29 03:25:49,Andheri,19.119,72.846,WR,2026-06-29T03:15,0.1,0.1,open-meteo
2026-06-29 03:25:49,Borivali,19.231,72.857,WR,2026-06-29T03:15,0.1,0.1,open-meteo
2026-06-29 03:25:49,Virar,19.455,72.811,WR,,,,open-meteo-ERR
2026-06-29 03:25:49,CSMT,18.94,72.835,CR,2026-06-29T03:15,0.1,0.1,open-meteo
2026-06-29 03:25:49,Sion,19.043,72.862,CR-hotspot,2026-06-29T03:15,0.1,0.1,open-meteo
2026-06-29 03:25:49,Kurla,19.065,72.879,CR-hotspot,2026-06-29T03:15,0.1,0.1,open-meteo
2026-06-29 03:25:49,Thane,19.186,72.975,CR,2026-06-29T03:15,0.0,0.0,open-meteo
2026-06-29 03:25:49,Kalyan,19.243,73.13,CR,2026-06-29T03:15,0.0,0.0,open-meteo
2026-06-29 03:25:49,Chunnabhatti,19.046,72.875,Harbour-hotspot,,,,open-meteo-ERR
2026-06-29 03:25:49,Matunga,19.027,72.852,CR-hotspot,2026-06-29T03:15,0.1,0.1,open-meteo
2026-06-29 04:27:31,Churchgate,18.935,72.827,WR,2026-06-29T04:15,0.1,0.0,open-meteo
2026-06-29 04:27:31,Dadar,19.018,72.844,WR/CR,2026-06-29T04:15,0.1,0.0,open-meteo
2026-06-29 04:27:31,Andheri,19.119,72.846,WR,2026-06-29T04:15,0.2,0.1,open-meteo
2026-06-29 04:27:31,Borivali,19.231,72.857,WR,,,,open-meteo-ERR
2026-06-29 04:27:31,Virar,19.455,72.811,WR,2026-06-29T04:15,0.1,0.1,open-meteo
2026-06-29 04:27:31,CSMT,18.94,72.835,CR,2026-06-29T04:15,0.1,0.0,open-meteo
2026-06-29 04:27:31,Sion,19.043,72.862,CR-hotspot,2026-06-29T04:15,0.1,0.0,open-meteo
2026-06-29 04:27:31,Kurla,19.065,72.879,CR-hotspot,,,,open-meteo-ERR
2026-06-29 04:27:31,Thane,19.186,72.975,CR,2026-06-29T04:30,0.0,0.0,open-meteo
2026-06-29 04:27:31,Kalyan,19.243,73.13,CR,2026-06-29T04:30,0.0,0.0,open-meteo
2026-06-29 04:27:31,Chunnabhatti,19.046,72.875,Harbour-hotspot,2026-06-29T04:30,0.1,0.0,open-meteo
2026-06-29 04:27:31,Matunga,19.027,72.852,CR-hotspot,2026-06-29T04:30,0.1,0.0,open-meteo
2026-06-29 05:36:56,Churchgate,18.935,72.827,WR,2026-06-29T05:30,0.3,0.2,open-meteo
2026-06-29 05:36:56,Dadar,19.018,72.844,WR/CR,2026-06-29T05:30,0.3,0.2,open-meteo
2026-06-29 05:36:56,Andheri,19.119,72.846,WR,2026-06-29T05:30,0.4,0.2,open-meteo
2026-06-29 05:36:56,Borivali,19.231,72.857,WR,2026-06-29T05:30,0.3,0.1,open-meteo
2026-06-29 05:36:56,Virar,19.455,72.811,WR,2026-06-29T05:30,0.2,0.1,open-meteo
2026-06-29 05:36:56,CSMT,18.94,72.835,CR,2026-06-29T05:30,0.3,0.2,open-meteo
2026-06-29 05:36:56,Sion,19.043,72.862,CR-hotspot,2026-06-29T05:30,0.3,0.2,open-meteo
2026-06-29 05:36:56,Kurla,19.065,72.879,CR-hotspot,,,,open-meteo-ERR
2026-06-29 05:36:56,Thane,19.186,72.975,CR,2026-06-29T05:30,0.5,0.1,open-meteo
2026-06-29 05:36:56,Kalyan,19.243,73.13,CR,2026-06-29T05:30,0.3,0.1,open-meteo
2026-06-29 05:36:56,Chunnabhatti,19.046,72.875,Harbour-hotspot,2026-06-29T05:30,0.3,0.2,open-meteo
2026-06-29 05:36:56,Matunga,19.027,72.852,CR-hotspot,2026-06-29T05:30,0.3,0.2,open-meteo
2026-06-29 10:38:59,Churchgate,18.935,72.827,WR,2026-06-29T10:30,0.3,0.2,open-meteo
2026-06-29 10:38:59,Dadar,19.018,72.844,WR/CR,2026-06-29T10:30,0.3,0.2,open-meteo
2026-06-29 10:38:59,Andheri,19.119,72.846,WR,2026-06-29T10:30,0.1,0.0,open-meteo
2026-06-29 10:38:59,Borivali,19.231,72.857,WR,2026-06-29T10:30,0.3,0.1,open-meteo
2026-06-29 10:38:59,Virar,19.455,72.811,WR,,,,open-meteo-ERR
2026-06-29 10:38:59,CSMT,18.94,72.835,CR,2026-06-29T10:30,0.3,0.2,open-meteo
2026-06-29 10:38:59,Sion,19.043,72.862,CR-hotspot,2026-06-29T10:30,0.3,0.2,open-meteo
2026-06-29 10:38:59,Kurla,19.065,72.879,CR-hotspot,2026-06-29T10:30,0.1,0.0,open-meteo
2026-06-29 10:38:59,Thane,19.186,72.975,CR,2026-06-29T10:30,0.0,0.0,open-meteo
2026-06-29 10:38:59,Kalyan,19.243,73.13,CR,,,,open-meteo-ERR
2026-06-29 10:38:59,Chunnabhatti,19.046,72.875,Harbour-hotspot,2026-06-29T10:30,0.3,0.2,open-meteo
2026-06-29 10:38:59,Matunga,19.027,72.852,CR-hotspot,2026-06-29T10:30,0.3,0.2,open-meteo
2026-06-29 15:34:45,Churchgate,18.935,72.827,WR,2026-06-29T15:30,0.1,0.1,open-meteo
2026-06-29 15:34:45,Dadar,19.018,72.844,WR/CR,2026-06-29T15:30,0.1,0.1,open-meteo
2026-06-29 15:34:45,Andheri,19.119,72.846,WR,2026-06-29T15:30,0.2,0.1,open-meteo
2026-06-29 15:34:45,Borivali,19.231,72.857,WR,2026-06-29T15:30,0.1,0.0,open-meteo
2026-06-29 15:34:45,Virar,19.455,72.811,WR,,,,open-meteo-ERR
2026-06-29 15:34:45,CSMT,18.94,72.835,CR,2026-06-29T15:30,0.1,0.1,open-meteo
2026-06-29 15:34:45,Sion,19.043,72.862,CR-hotspot,2026-06-29T15:30,0.1,0.1,open-meteo
2026-06-29 15:34:45,Kurla,19.065,72.879,CR-hotspot,2026-06-29T15:30,0.2,0.1,open-meteo
2026-06-29 15:34:45,Thane,19.186,72.975,CR,2026-06-29T15:30,0.1,0.0,open-meteo
2026-06-29 15:34:45,Kalyan,19.243,73.13,CR,2026-06-29T15:30,0.1,0.0,open-meteo
2026-06-29 15:34:45,Chunnabhatti,19.046,72.875,Harbour-hotspot,,,,open-meteo-ERR
2026-06-29 15:34:45,Matunga,19.027,72.852,CR-hotspot,2026-06-29T15:30,0.1,0.1,open-meteo
